chain,resid,resname,max_contact_freq
receptor,32,ILE,0.0000
receptor,33,VAL,0.0000
receptor,34,GLY,0.0000
receptor,35,GLY,0.0000
receptor,36,ASN,0.0000
receptor,37,GLU,0.0000
receptor,38,THR,0.0000
receptor,39,THR,0.0000
receptor,40,ILE,0.0000
receptor,41,ASP,0.0000
receptor,42,LYS,0.0000
receptor,43,TYR,0.0000
receptor,44,PRO,0.0000
receptor,45,SER,0.0000
receptor,46,MET,0.0000
receptor,47,VAL,0.0000
receptor,48,ALA,0.0000
receptor,49,ILE,0.0000
receptor,50,LEU,0.0000
receptor,51,GLU,0.0236
receptor,52,ARG,0.0000
receptor,53,PHE,0.0000
receptor,54,SER,0.0000
receptor,55,ASP,0.0000
receptor,56,GLY,0.0000
receptor,57,ILE,0.0000
receptor,58,PHE,0.0001
receptor,59,GLN,0.0000
receptor,60,ARG,0.2667
receptor,61,GLY,0.0000
receptor,62,GLY,0.0000
receptor,63,GLY,0.0000
receptor,64,VAL,0.0000
receptor,65,ILE,0.0000
receptor,66,LEU,0.0000
receptor,67,ASN,0.0000
receptor,68,GLN,0.0000
receptor,69,ARG,0.0000
receptor,70,SER,0.0000
receptor,71,VAL,0.0000
receptor,72,LEU,0.0000
receptor,73,THR,0.0000
receptor,74,ALA,0.0000
receptor,75,GLY,0.0000
receptor,76,ASN,0.0560
receptor,77,ARG,0.0271
receptor,78,VAL,0.0000
receptor,79,SER,0.5271
receptor,80,PRO,0.4017
receptor,81,ILE,0.3922
receptor,82,SER,0.0017
receptor,83,PRO,0.0000
receptor,84,PRO,0.0000
receptor,85,ARG,0.0001
receptor,86,HID,0.0000
receptor,87,PHE,0.0000
receptor,88,ILE,0.0000
receptor,89,ARG,0.0000
receptor,90,ALA,0.0000
receptor,91,GLY,0.0000
receptor,92,SER,0.0000
receptor,93,SER,0.0000
receptor,94,MET,0.0000
receptor,95,ALA,0.0000
receptor,96,ASN,0.0000
receptor,97,SER,0.0000
receptor,98,GLY,0.0000
receptor,99,GLY,0.0000
receptor,100,ILE,0.0000
receptor,101,VAL,0.0000
receptor,102,TYR,0.0000
receptor,103,ASP,0.0000
receptor,104,ILE,0.0000
receptor,105,LYS,0.0000
receptor,106,ASP,0.0000
receptor,107,ILE,0.0000
receptor,108,ARG,0.0000
receptor,109,ILE,0.0000
receptor,110,HID,0.0000
receptor,111,PRO,0.0000
receptor,112,ASN,0.0101
receptor,113,PHE,0.0587
receptor,114,PHE,0.0179
receptor,115,GLY,0.1508
receptor,116,ALA,0.8467
receptor,117,GLU,0.0000
receptor,118,SER,0.0000
receptor,119,ASP,0.0000
receptor,120,ILE,0.0000
receptor,121,ALA,0.0000
receptor,122,VAL,0.0000
receptor,123,VAL,0.0000
receptor,124,ARG,0.0000
receptor,125,ILE,0.0000
receptor,126,ASP,0.0000
receptor,127,GLY,0.0000
receptor,128,PHE,0.0000
receptor,129,PHE,0.0000
receptor,130,SER,0.0000
receptor,131,TYR,0.0000
receptor,132,SER,0.0000
receptor,133,GLU,0.0000
receptor,134,PHE,0.0000
receptor,135,ILE,0.0000
receptor,136,GLN,0.0000
receptor,137,PRO,0.0000
receptor,138,ALA,0.0000
receptor,139,PRO,0.0000
receptor,140,ILE,0.0000
receptor,141,ALA,0.0000
receptor,142,GLY,0.0000
receptor,143,PRO,0.0000
receptor,144,ASN,0.0000
receptor,145,TYR,0.0000
receptor,146,ASN,0.0000
receptor,147,LEU,0.0000
receptor,148,LEU,0.0000
receptor,149,ASP,0.0000
receptor,150,ASP,0.0000
receptor,151,GLU,0.0000
receptor,152,GLU,0.0000
receptor,153,VAL,0.0000
receptor,154,TRP,0.0000
receptor,155,VAL,0.0000
receptor,156,THR,0.0000
receptor,157,GLY,0.0000
receptor,158,TRP,0.0000
receptor,159,GLY,0.0000
receptor,160,ALA,0.1403
receptor,161,THR,0.0000
receptor,162,VAL,0.3485
receptor,163,ILE,0.0811
receptor,164,VAL,0.0000
receptor,165,GLY,0.0000
receptor,166,PRO,0.0000
receptor,167,TRP,0.0219
receptor,168,SER,0.0000
receptor,169,GLU,0.0000
receptor,170,GLN,0.0000
receptor,171,LEU,0.0000
receptor,172,ARG,0.0000
receptor,173,ASP,0.0000
receptor,174,VAL,0.0000
receptor,175,GLN,0.0000
receptor,176,VAL,0.0000
receptor,177,TYR,0.0000
receptor,178,SER,0.0000
receptor,179,ILE,0.0000
receptor,180,ASN,0.0000
receptor,181,GLN,0.0000
receptor,182,GLU,0.0000
receptor,183,ALA,0.0000
receptor,184,CYX,0.0000
receptor,185,ILE,0.0000
receptor,186,GLU,0.0000
receptor,187,ARG,0.0000
receptor,188,TYR,0.0033
receptor,189,ILE,0.8926
receptor,190,ASN,0.9931
receptor,191,ARG,0.0009
receptor,192,ALA,0.4435
receptor,193,ARG,0.0720
receptor,194,ILE,0.0000
receptor,195,THR,0.0000
receptor,196,GLU,0.0000
receptor,197,ASN,0.0000
receptor,198,MET,0.0000
receptor,199,LEU,0.0000
receptor,200,CYX,0.0000
receptor,201,THR,0.0000
receptor,202,GLY,0.0000
receptor,203,ILE,0.0000
receptor,204,LEU,0.0000
receptor,205,ASP,0.0000
receptor,206,VAL,0.0060
receptor,207,GLY,0.0000
receptor,208,GLY,0.0000
receptor,209,LYS,0.0000
receptor,210,ASP,0.0000
receptor,211,ALA,0.0000
receptor,212,CYX,0.0613
receptor,213,HID,0.8450
receptor,214,GLY,0.0000
receptor,215,ASP,0.0000
receptor,216,ALA,0.0000
receptor,217,GLY,0.0000
receptor,218,GLY,0.0000
receptor,219,PRO,0.0000
receptor,220,VAL,0.0000
receptor,221,TYR,0.0000
receptor,222,HID,0.0000
receptor,223,LYS,0.0000
receptor,224,GLY,0.0000
receptor,225,VAL,0.0000
receptor,226,VAL,0.0000
receptor,227,VAL,0.0000
receptor,228,GLY,0.0000
receptor,229,ILE,0.0000
receptor,230,THR,0.0000
receptor,231,SER,0.0000
receptor,232,PHE,0.9472
receptor,233,GLY,0.8963
receptor,234,ILE,0.9621
receptor,235,GLY,0.6579
receptor,236,CYX,0.9219
receptor,237,ALA,0.7319
receptor,238,SER,0.7209
receptor,239,HIE,0.0066
receptor,240,ARG,0.0000
receptor,241,TYR,0.8367
receptor,242,PRO,0.0000
receptor,243,GLY,0.0000
receptor,244,VAL,0.0000
receptor,245,ASN,0.0000
receptor,246,THR,0.0000
receptor,247,ARG,0.0000
receptor,248,VAL,0.0000
receptor,249,SER,0.0000
receptor,250,ARG,0.0000
receptor,251,PHE,0.0000
receptor,252,ALA,0.0000
receptor,253,ASN,0.0000
receptor,254,TRP,0.0000
receptor,255,ILE,0.0000
ligand,256,VAL,0.0089
ligand,257,LEU,0.5271
ligand,258,ARG,0.3922
ligand,259,GLY,0.0000
ligand,260,GLY,0.0000
ligand,261,SER,0.0000
ligand,262,GLY,0.0016
ligand,263,GLY,0.0129
ligand,264,SER,0.2258
ligand,265,GLY,0.9002
ligand,266,GLY,0.1657
ligand,267,SER,0.6680
ligand,268,VAL,0.0000
ligand,269,LEU,0.4795
ligand,270,LYS,0.2167
ligand,271,GLY,0.0000
ligand,272,GLY,0.0000
ligand,273,SER,0.0000
ligand,274,GLY,0.0000
ligand,275,GLY,0.0000
ligand,276,SER,0.0216
ligand,277,GLY,0.9931
ligand,278,GLY,0.2141
ligand,279,SER,0.9472
ligand,280,VAL,0.0000
ligand,281,LEU,0.8576
ligand,282,ARG,0.3797
ligand,283,GLY,0.0000
ligand,284,GLY,0.0000
ligand,285,SER,0.0000
ligand,286,GLY,0.0000
ligand,287,GLY,0.0000
ligand,288,SER,0.0127
ligand,289,GLY,0.8926
ligand,290,GLY,0.0000
ligand,291,SER,0.9621
ligand,292,VAL,0.0023
ligand,293,LEU,0.8963
ligand,294,LYS,0.4274
ligand,295,GLY,0.0000
ligand,296,GLY,0.0000
ligand,297,SER,0.0000
ligand,298,GLY,0.0000
ligand,299,GLY,0.0000
ligand,300,SER,0.0000
ligand,301,GLY,0.0780
ligand,302,GLY,0.0029
ligand,303,SER,0.7189
ligand,304,VAL,0.0000
ligand,305,LEU,0.9219
ligand,306,ARG,0.7225
ligand,307,GLY,0.0000
ligand,308,GLY,0.0000
ligand,309,SER,0.0000
ligand,310,GLY,0.0000
ligand,311,GLY,0.0000
ligand,312,SER,0.0000
ligand,313,GLY,0.0000
ligand,314,GLY,0.0000
ligand,315,SER,0.2694
ligand,316,VAL,0.0000
ligand,317,LEU,0.8367
ligand,318,LYS,0.7319
ligand,319,GLY,0.0000
ligand,320,GLY,0.0000
ligand,321,SER,0.0000
ligand,322,GLY,0.0000
ligand,323,GLY,0.0000
ligand,324,SER,0.0000
ligand,325,GLY,0.0000
ligand,326,GLY,0.0000
ligand,327,SER,0.0000
ligand,328,VAL,0.0000
ligand,329,LEU,0.0591
ligand,330,ARG,0.0544
