chain,resid,resname,max_contact_freq,features
receptor,190,ASN,0.9931,"hbond_acceptor;hbond_donor"
ligand,277,GLY,0.9931,"none"
receptor,234,ILE,0.9621,"hydrophobic"
ligand,291,SER,0.9621,"hbond_acceptor;hbond_donor"
receptor,232,PHE,0.9472,"aromatic;hydrophobic"
ligand,279,SER,0.9472,"hbond_acceptor;hbond_donor"
receptor,236,CYX,0.9219,"hydrophobic"
ligand,305,LEU,0.9219,"hydrophobic"
ligand,265,GLY,0.9002,"none"
receptor,233,GLY,0.8963,"none"
ligand,293,LEU,0.8963,"hydrophobic"
receptor,189,ILE,0.8926,"hydrophobic"
ligand,289,GLY,0.8926,"none"
ligand,281,LEU,0.8576,"hydrophobic"
receptor,116,ALA,0.8467,"hydrophobic"
receptor,213,HID,0.8450,"aromatic;hbond_acceptor;hbond_donor;positive_ionizable"
receptor,241,TYR,0.8367,"aromatic;hbond_acceptor;hbond_donor;hydrophobic"
ligand,317,LEU,0.8367,"hydrophobic"
receptor,237,ALA,0.7319,"hydrophobic"
ligand,318,LYS,0.7319,"hbond_donor;positive_ionizable"
ligand,306,ARG,0.7225,"hbond_donor;positive_ionizable"
receptor,238,SER,0.7209,"hbond_acceptor;hbond_donor"
ligand,303,SER,0.7189,"hbond_acceptor;hbond_donor"
ligand,267,SER,0.6680,"hbond_acceptor;hbond_donor"
receptor,235,GLY,0.6579,"none"
receptor,79,SER,0.5271,"hbond_acceptor;hbond_donor"
ligand,257,LEU,0.5271,"hydrophobic"
ligand,269,LEU,0.4795,"hydrophobic"
receptor,192,ALA,0.4435,"hydrophobic"
ligand,294,LYS,0.4274,"hbond_donor;positive_ionizable"
receptor,80,PRO,0.4017,"hydrophobic"
receptor,81,ILE,0.3922,"hydrophobic"
ligand,258,ARG,0.3922,"hbond_donor;positive_ionizable"
ligand,282,ARG,0.3797,"hbond_donor;positive_ionizable"
receptor,162,VAL,0.3485,"hydrophobic"
ligand,315,SER,0.2694,"hbond_acceptor;hbond_donor"
receptor,60,ARG,0.2667,"hbond_donor;positive_ionizable"
ligand,264,SER,0.2258,"hbond_acceptor;hbond_donor"
ligand,270,LYS,0.2167,"hbond_donor;positive_ionizable"
ligand,278,GLY,0.2141,"none"
